method	output_type	batch	label	lineage_specific	lineage_key	lineage	ari_leiden_y	asw_batch	Overall Score	Batch Correction	asw_batch_y	asw_label	asw_label_y	clisi_y	graph_connectivity_y	ilisi_y	isolated_label_asw	isolated_label_asw_y	kbet_y	Bio conservation	nmi_leiden_y	pcr
unintegrated	full	batch	harmonized_anno	global	None	global	0.748043868007953	0.842641064478881	0.6	0.5	0.842641115188599	0.60934953391552	0.60934953391552	1	1	0.0075207724715724		0.5	0.355887577718564	0.666666666666667	0.810387528213275	0
unintegrated	knn	batch	harmonized_anno	global	None	global	0.773799533899574		0.453927813226151	0.666666666666667				0.999999995415027	0.999999995415027	0.0080254207957874			0.445550355658061	0.312101910932473	0.793661147808179	
unintegrated	embed	batch	harmonized_anno	global	None	global	0.778073773857672	0.659522866820397	0.3	0.5	0.659522891044617	0.459595587104559	0.459595561027527	0.999999995415027	0.999999995415027	0.0080254207957874		0.5	0.445550355658061	0.166666666666667	0.792233545631486	0.467837035563536
