method	output_type	batch	label	lineage_specific	lineage_key	lineage	ari_leiden_y	Overall Score	Batch Correction	asw_batch	asw_label	cell_cycle	clisi_y	graph_connectivity	ilisi_y	kbet_y	Bio conservation	nmi_leiden_y	pcr
scanvi	embed	batch	harmonized_anno	global	None	global	0.731663407650104	0.631705925031076	0.725364812441326	0.730061546419921	0.65222142636776	0.507877754820297	0.999999995415027	0.945630184755264	0.0087064266204833	0.6526978511237	0.569266666757576	0.795366050905351	0.0889833719241456
unintegrated	full	batch	harmonized_anno	global	None	global	0.748043868007953	0.579572142729802	0.240265947991243	0.842641064478881	0.60934953391552	0.527420784033529	1		0.0075207724715724	0.355887577718564	0.805776272555508	0.810387528213275	0
scvi	embed	batch	harmonized_anno	global	None	global	0.766458921352358	0.556149936875612	0.633252872332747	0.80539830406165	0.575136706233025	0.462902233550824	0.999999995415027	0.933314359055211	0.0086265751809784	0.646297498824425	0.504747979904189	0.799555393203355	0.185001738364017
unintegrated	embed	batch	harmonized_anno	global	None	global	0.778073773857672	0.50735161271821	0.408466297660908	0.659522866820397	0.459595587104559	0.669720689850738	0.999999995415027		0.0080254207957874	0.445550355658061	0.573275156089744	0.792233545631486	0.467837035563536
unintegrated	knn	batch	harmonized_anno	global	None	global	0.773799533899574	0.494209902000069	0.363858229673042				0.999999995415027		0.0080254207957874	0.445550355658061	0.581111016884753	0.793661147808179	
scanorama	embed	batch	harmonized_anno	global	None	global	0.571812559567059	0.443369645080727	0.329116782072513	0.851990490502927	0.629102067654982	0.486453302207423	1		0.0077282558787952	0.397877993984042	0.519538220419537	0.775975155301826	0
scanorama	full	batch	harmonized_anno	global	None	global	0.571787348163371	0.366289135907615	0.2267488169637	0.76187731999143	0.624547645449638	0.443931963278986	1		0.0075833320617675	0.424009344887555	0.459316015203559	0.769459134965906	0
harmony	embed	batch	harmonized_anno	global	None	global	0.717684363014554	0.232618041252592	0.299882646416041	0.61186885319209	0.432714566588402	0.496229215321176	0.999999995415027	0.93080323366456	0.0076659029180353	0.467787381416213	0.187774971143626	0.739497120977502	0.661075364549287
