dataset	method	output_type	batch	label	lineage_specific	lineage_key	lineage	ari	Overall Score	Batch Correction	asw_batch	asw_label	clisi	graph_connectivity	ilisi	isolated_label_asw	isolated_label_f1	Bio conservation	nmi	pcr
integration_merged_data	scanvi	embed	batch	harmonized_anno	global	None	global	0.739476741866205	0.859307539231646	0.763315259277929	0.721136349521817	0.6526048630476	0.999490377761417	0.95154897676854	0.0629816740281546	0.870595455169678	0.97269711661138	0.923302392534124	0.787600292726067	0.497072025763895
integration_merged_data	scvi	embed	batch	harmonized_anno	global	None	global	0.736896704701125	0.729401265030239	0.788190668100225	0.80185414845262	0.57400381565094	0.998629977281826	0.929625891562862	0.0623423197889452	0.745357140898705	0.831475409836066	0.690208329650249	0.79198276372091	0.572458881284053
integration_merged_data	scanorama	embed	batch	harmonized_anno	global	None	global	0.624828987520546	0.612686462565129	0.5	0.851990490502928	0.629102067654982	1	0.952171349430323	0.0459918900390711	0.722740904772389	0.683435141933166	0.687810770941882	0.77584503028482	0
integration_merged_data	scanorama	full	batch	harmonized_anno	global	None	global	0.567100392382979	0.411078417819676	0.157554385245161	0.761877319991346	0.624547645449638	1	0.876876674094933	0.0460878123877845	0.796333342790604	0.502962962962963	0.580094439536019	0.768800279161533	0
integration_merged_data	harmony	embed	batch	harmonized_anno	global	None	global	0.715152174689089	0.321263438750576	0.551790781216038	0.611962873516952	0.432700969278812	0.998830801237533	0.931305973051308	0.0542196916259385	0.376248948276043	0.366615584109395	0.167578543773601	0.742297575380412	0.819318361739794
