,fraction_of_variance_explained,stdev
harmonized_anno,0.2537707008802635,
batch,0.032419587228413746,
dataset,0.013451695387855267,
condition,0.010491716854144415,
shuffled_harmonized_anno,0.0047354954744398174,0.0011457641291768835
fibrotic/control,0.0027654751775039337,
shuffled_dataset,0.0013535484255915037,0.0004448829266407713
shuffled_condition,0.0009754549873984752,0.0005730779613058412
shuffled_fibrotic/control,0.00019757708174608564,0.0001803547969144379
