method	output_type	batch	label	lineage_specific	lineage_key	lineage	ari_leiden_y	Overall Score	Batch Correction	asw_batch	asw_label	cell_cycle	clisi_y	graph_connectivity	ilisi_y	kbet_y	Bio conservation	nmi_leiden_y	pcr
scanvi	embed	batch	harmonized_anno	global	None	global	0.731663407650104	0.636541786686506	0.485215876168703	0.730061546419921	0.65222142636776	0.507877754820297	0.999999995415027	0.945630184755264	0.0087064266204833	0.6526978511237	0.737425727031708	0.795366050905351	0.0889833719241456
