method	output_type	batch	label	lineage_specific	lineage_key	lineage	ari_leiden_y	asw_batch	Overall Score	Batch Correction	asw_batch_y	asw_label	asw_label_y	clisi_y	graph_connectivity_y	ilisi_y	isolated_label_asw	isolated_label_asw_y	kbet_y	Bio conservation	nmi_leiden_y	pcr
scanvi	embed	batch	harmonized_anno	global	None	global	0.731663407650104	0.730061546419921	0.661442184199318	0.535085115250546	0.7300615	0.65222142636776	0.652221441268921	0.999999995415027	0.999999995415027	0.0087064266204833	0.860142558813095	0.528146730735898	0.6526978511237	0.745680230165165	0.795366050905351	0.0889833719241456
