method	output_type	batch	label	lineage_specific	lineage_key	lineage	ari_leiden_y	asw_batch	Overall Score	Batch Correction	asw_batch_y	asw_label	asw_label_y	clisi_y	graph_connectivity_y	ilisi_y	isolated_label_asw	isolated_label_asw_y	kbet_y	Bio conservation	nmi_leiden_y	pcr
scvi	embed	batch	harmonized_anno	global	None	global	0.766458921352358	0.80539830406165	0.660987640621725	0.57512040197435	0.8053983	0.575136706233025	0.575136706233025	0.999999995415027	0.999999995415027	0.0086265751809784	0.744179219007492	0.567160323262215	0.646297498824425	0.718232466386642	0.799555393203355	0.185001738364017
