dataset	method	output_type	batch	label	lineage_specific	lineage_key	lineage	ari	Overall Score	Batch Correction	asw_batch	asw_label	ilisi	Bio conservation	nmi	pcr
integration_merged_data	scanvi	embed	batch	harmonized_anno	global	None	global	0.739476741866205	0.812732033338879	0.687175620934237	0.721136349521817	0.6526048630476	0.0629816740281546	0.896436308275307	0.787600292726067	0.497072025763895
integration_merged_data	scvi	embed	batch	harmonized_anno	global	None	global	0.736896704701125	0.804498960534028	0.817397438962725	0.80185414845262	0.57400381565094	0.0623423197889452	0.795899974914897	0.79198276372091	0.572458881284053
integration_merged_data	unintegrated	embed	batch	harmonized_anno	global	None	global	0.746061456362178	0.759463034959131	0.497008117692574	0.842641064478881	0.60934953391552	0.0467222872582928	0.934432979803502	0.804689157121547	0.398996109325797
integration_merged_data	unintegrated	full	batch	harmonized_anno	global	None	global	0.746061456362178	0.695270030367292	0.336525606212978	0.842641064478881	0.60934953391552	0.0468163750035806	0.934432979803502	0.804689157121547	0
integration_merged_data	unintegrated	knn	batch	harmonized_anno	global	None	global	0.746061456362178	0.617864202814327	0.0446605070358184			0.0467506624064526	1	0.804689157121547	
integration_merged_data	scanorama	embed	batch	harmonized_anno	global	None	global	0.624828987520546	0.484011476553707	0.333333333333333	0.851990490502928	0.629102067654982	0.0459918900390711	0.584463572033957	0.77584503028482	0
integration_merged_data	harmony	embed	batch	harmonized_anno	global	None	global	0.715152174689089	0.363360889610771	0.494759784117994	0.611962873516952	0.432700969278812	0.0542196916259385	0.275761626605956	0.742297575380412	0.819318361739794
integration_merged_data	scanorama	full	batch	harmonized_anno	global	None	global	0.567100392382979	0.343467321337433	0.210072513660214	0.761877319991346	0.624547645449638	0.0460878123877845	0.432397193122245	0.768800279161533	0
