method	output_type	batch	label	lineage_specific	lineage_key	lineage	ari_leiden_y	asw_batch	Overall Score	Batch Correction	asw_batch_y	asw_label	asw_label_y	clisi_y	graph_connectivity_y	ilisi_y	isolated_label_asw	isolated_label_asw_y	kbet_y	Bio conservation	nmi_leiden_y	pcr
scanorama	embed	batch	harmonized_anno	global	None	global	0.571812559567059	0.851990490502927	0.628571428571429	0.5	0.8519905	0.629102067654982	0.629102110862732	1	1	0.0077282558787952	0.722740904772389	0.480746708810329	0.397877993984042	0.714285714285714	0.775975155301826	0
scanorama	full	batch	harmonized_anno	global	None	global	0.571787348163371	0.76187731999143	0.152380952380952	0.166666666666667	0.7618773	0.624547645449638	0.624547645449638	1	1	0.0075833320617675	0.796333342790604	0.427988685667515	0.424009344887555	0.142857142857143	0.769459134965906	0
