method	output_type	batch	label	lineage_specific	lineage_key	lineage	ari_leiden_y	asw_batch	Overall Score	Batch Correction	asw_batch_y	asw_label	asw_label_y	clisi_y	graph_connectivity_y	ilisi_y	isolated_label_asw	isolated_label_asw_y	kbet_y	Bio conservation	nmi_leiden_y	pcr
harmony	embed	batch	harmonized_anno	global	None	global	0.717684363014554	0.61186885319209	0.569841533155417	0.560044382915109	0.6118688	0.432714566588402	0.432714559137821	0.999999995415027	0.999999995415027	0.0076659029180353	0.376133054494858	0.33586710691452	0.467787381416213	0.576372966648955	0.739497120977502	0.661075364549287
